{
  "nodes": [
    {
      "op": "null", 
      "name": "input_0", 
      "inputs": []
    }, 
    {
      "op": "tvm_op", 
      "name": "tvmgen_default_fused_cast", 
      "attrs": {
        "num_outputs": "1", 
        "num_inputs": "1", 
        "flatten_data": "0", 
        "func_name": "tvmgen_default_fused_cast", 
        "hash": "51869d31c7665463"
      }, 
      "inputs": [
        [
          0, 
          0, 
          0
        ]
      ]
    }, 
    {
      "op": "null", 
      "name": "p0", 
      "inputs": []
    }, 
    {
      "op": "null", 
      "name": "p1", 
      "inputs": []
    }, 
    {
      "op": "null", 
      "name": "p2", 
      "inputs": []
    }, 
    {
      "op": "tvm_op", 
      "name": "tvmgen_default_fused_take_less_equal_cast_add_reshape", 
      "attrs": {
        "num_outputs": "1", 
        "num_inputs": "4", 
        "flatten_data": "0", 
        "func_name": "tvmgen_default_fused_take_less_equal_cast_add_reshape", 
        "hash": "0b2cbd0e4fc877e5"
      }, 
      "inputs": [
        [
          1, 
          0, 
          0
        ], 
        [
          2, 
          0, 
          0
        ], 
        [
          3, 
          0, 
          0
        ], 
        [
          4, 
          0, 
          0
        ]
      ]
    }, 
    {
      "op": "null", 
      "name": "p3", 
      "inputs": []
    }, 
    {
      "op": "null", 
      "name": "p4", 
      "inputs": []
    }, 
    {
      "op": "null", 
      "name": "p5", 
      "inputs": []
    }, 
    {
      "op": "null", 
      "name": "p6", 
      "inputs": []
    }, 
    {
      "op": "null", 
      "name": "p7", 
      "inputs": []
    }, 
    {
      "op": "null", 
      "name": "p8", 
      "inputs": []
    }, 
    {
      "op": "null", 
      "name": "p9", 
      "inputs": []
    }, 
    {
      "op": "null", 
      "name": "p10", 
      "inputs": []
    }, 
    {
      "op": "null", 
      "name": "p11", 
      "inputs": []
    }, 
    {
      "op": "null", 
      "name": "p12", 
      "inputs": []
    }, 
    {
      "op": "tvm_op", 
      "name": "tvmgen_default_fused_multiply_take_reshape_gather_reshape_take_less_equal_cast_add_multiply_tak_55282eb5dc714562_", 
      "attrs": {
        "num_outputs": "1", 
        "num_inputs": "12", 
        "flatten_data": "0", 
        "func_name": "tvmgen_default_fused_multiply_take_reshape_gather_reshape_take_less_equal_cast_add_multiply_tak_55282eb5dc714562_", 
        "hash": "cce24900a6dfcb00"
      }, 
      "inputs": [
        [
          5, 
          0, 
          0
        ], 
        [
          6, 
          0, 
          0
        ], 
        [
          1, 
          0, 
          0
        ], 
        [
          7, 
          0, 
          0
        ], 
        [
          8, 
          0, 
          0
        ], 
        [
          9, 
          0, 
          0
        ], 
        [
          10, 
          0, 
          0
        ], 
        [
          11, 
          0, 
          0
        ], 
        [
          12, 
          0, 
          0
        ], 
        [
          13, 
          0, 
          0
        ], 
        [
          14, 
          0, 
          0
        ], 
        [
          15, 
          0, 
          0
        ]
      ]
    }, 
    {
      "op": "null", 
      "name": "p13", 
      "inputs": []
    }, 
    {
      "op": "null", 
      "name": "p14", 
      "inputs": []
    }, 
    {
      "op": "null", 
      "name": "p15", 
      "inputs": []
    }, 
    {
      "op": "null", 
      "name": "p16", 
      "inputs": []
    }, 
    {
      "op": "null", 
      "name": "p17", 
      "inputs": []
    }, 
    {
      "op": "tvm_op", 
      "name": "tvmgen_default_fused_multiply_take_reshape_gather_reshape_take_less_equal_cast_add_multiply_tak_e7766b803942ad9_", 
      "attrs": {
        "num_outputs": "1", 
        "num_inputs": "7", 
        "flatten_data": "0", 
        "func_name": "tvmgen_default_fused_multiply_take_reshape_gather_reshape_take_less_equal_cast_add_multiply_tak_e7766b803942ad9_", 
        "hash": "1f8a2daf14cfc042"
      }, 
      "inputs": [
        [
          16, 
          0, 
          0
        ], 
        [
          17, 
          0, 
          0
        ], 
        [
          1, 
          0, 
          0
        ], 
        [
          18, 
          0, 
          0
        ], 
        [
          19, 
          0, 
          0
        ], 
        [
          20, 
          0, 
          0
        ], 
        [
          21, 
          0, 
          0
        ]
      ]
    }, 
    {
      "op": "tvm_op", 
      "name": "tvmgen_default_fused_sum", 
      "attrs": {
        "num_outputs": "1", 
        "num_inputs": "1", 
        "flatten_data": "0", 
        "func_name": "tvmgen_default_fused_sum", 
        "hash": "79dcd9d9d4302e07"
      }, 
      "inputs": [
        [
          22, 
          0, 
          0
        ]
      ]
    }
  ], 
  "arg_nodes": [
    0, 
    2, 
    3, 
    4, 
    6, 
    7, 
    8, 
    9, 
    10, 
    11, 
    12, 
    13, 
    14, 
    15, 
    17, 
    18, 
    19, 
    20, 
    21
  ], 
  "heads": [
    [
      23, 
      0, 
      0
    ]
  ], 
  "attrs": {
    "dltype": [
      "list_str", 
      [
        "float64", 
        "float32", 
        "int64", 
        "float32", 
        "int64", 
        "int64", 
        "int64", 
        "float32", 
        "int64", 
        "float32", 
        "int64", 
        "float32", 
        "int64", 
        "float32", 
        "int64", 
        "float32", 
        "int64", 
        "int64", 
        "float32", 
        "int64", 
        "float32", 
        "float32", 
        "float32", 
        "float32"
      ]
    ], 
    "device_index": [
      "list_int", 
      [
        1, 
        1, 
        1, 
        1, 
        1, 
        1, 
        1, 
        1, 
        1, 
        1, 
        1, 
        1, 
        1, 
        1, 
        1, 
        1, 
        1, 
        1, 
        1, 
        1, 
        1, 
        1, 
        1, 
        1
      ]
    ], 
    "storage_id": [
      "list_int", 
      [
        0, 
        1, 
        2, 
        3, 
        4, 
        5, 
        6, 
        7, 
        8, 
        9, 
        10, 
        11, 
        12, 
        13, 
        14, 
        15, 
        16, 
        17, 
        18, 
        19, 
        20, 
        21, 
        5, 
        1
      ]
    ], 
    "shape": [
      "list_shape", 
      [
        [1, 8], 
        [1, 8], 
        [25], 
        [25], 
        [25], 
        [25], 
        [50], 
        [50], 
        [100], 
        [100], 
        [200], 
        [200], 
        [400], 
        [400], 
        [800], 
        [800], 
        [25], 
        [1600], 
        [1600], 
        [3200], 
        [3200], 
        [6400, 1], 
        [1, 25, 1], 
        [1, 1]
      ]
    ]
  }, 
  "node_row_ptr": [
    0, 
    1, 
    2, 
    3, 
    4, 
    5, 
    6, 
    7, 
    8, 
    9, 
    10, 
    11, 
    12, 
    13, 
    14, 
    15, 
    16, 
    17, 
    18, 
    19, 
    20, 
    21, 
    22, 
    23, 
    24
  ]
}